Model,MSE,R2,Best Params,Training Time (s)
LinearRegression,14027727.577426706,0.9032008333395347,,0.03400015830993652
Ridge,12089421.842788722,0.916576227095262,{'model__alpha': 10},0.9916965961456299
Lasso,11919817.792776322,0.9177465899079715,{'model__alpha': 10},2.0600967407226562
ElasticNet,11581294.336317746,0.9200825911098299,"{'model__alpha': 1.0, 'model__l1_ratio': 0.9}",3.5744173526763916
