Model,MSE,R2,Best Params,Training Time (s)
Ridge,0.06941039160103851,0.9186014370270107,{'model__alpha': 10},0.8657357692718506
Lasso,0.16383902583294124,0.8078636216555166,{'model__alpha': 0.09},0.5898628234863281
ElasticNet,0.07895698121248937,0.9074060142993663,"{'model__alpha': 0.1, 'model__l1_ratio': 0.1}",1.5693211555480957
