Model,MSE,R2,Best Params,Training Time (s)
LinearRegression,14029743.84730456,0.9031869199495817,,0.02391791343688965
Ridge,11574973.120914036,0.9201262110318724,{'model__alpha': 81.96},0.20146632194519043
Lasso,11595626.71140969,0.9199836897049154,{'model__alpha': 47.07},0.4799036979675293
ElasticNet,11538503.977864623,0.9203778685178422,"{'model__alpha': 0.8775, 'model__l1_ratio': 0.897}",0.5600583553314209
