Model,MSE,R2,Best Params,Training Time (s)
Ridge,12389026.956250058,0.9145087842289676,{'model__alpha': 0.15},0.7305905818939209
Lasso,12591627.360870793,0.9131107281130277,{'model__alpha': 10},1.7098302841186523
ElasticNet,13112338.349308474,0.9095175310343487,"{'model__alpha': 0.1, 'model__l1_ratio': 0.9}",4.069346904754639
